1;ID_PRODUTO;DATA_EVENTO;PRECO;FLAG_PROMOCAO;QUANTIDADE_ESTOQUE
2;1000;31/12/2023;129;1;100
3;1001;31/12/2023;65;0;100
4;1002;31/12/2023;130;0;100
5;1003;31/12/2023;90;0;100
6;1004;31/12/2023;190;0;100
7;1005;31/12/2023;700;1;100
8;1006;31/12/2023;70;0;100
9;1007;31/12/2023;109;1;100
10;1008;31/12/2023;165;0;100
11;1009;31/12/2023;64;0;100
12;1010;31/12/2023;100;0;100
13;1011;31/12/2023;320;0;100
14;1012;31/12/2023;30;0;100
15;1013;31/12/2023;269;1;100
16;1014;31/12/2023;125;0;100
17;1015;31/12/2023;80;0;100
18;1016;31/12/2023;29;1;100
19;1017;31/12/2023;143;1;100
20;1018;31/12/2023;149;0;100
21;1019;31/12/2023;75;0;100
22;1020;31/12/2023;500;0;100
23;1021;31/12/2023;140;1;100
24;1022;31/12/2023;120;0;100
25;1023;31/12/2023;50;0;100
26;1024;31/12/2023;215;1;100
27;1000;01/01/2024;150;0;93
28;1001;01/01/2024;38;1;96
29;1002;01/01/2024;105;1;98
30;1003;01/01/2024;90;0;97
31;1004;01/01/2024;190;0;99
32;1005;01/01/2024;830;0;98
33;1006;01/01/2024;70;0;100
34;1007;01/01/2024;145;0;87
35;1008;01/01/2024;165;0;93
36;1009;01/01/2024;47;1;96
37;1010;01/01/2024;79;1;98
38;1011;01/01/2024;320;0;97
39;1012;01/01/2024;30;0;99
40;1013;01/01/2024;269;1;98
41;1014;01/01/2024;125;0;100
42;1015;01/01/2024;69;1;87
43;1016;01/01/2024;50;0;93
44;1017;01/01/2024;190;0;96
45;1018;01/01/2024;149;0;98
46;1019;01/01/2024;63;1;97
47;1020;01/01/2024;500;0;99
48;1021;01/01/2024;140;1;98
49;1022;01/01/2024;100;1;100
50;1023;01/01/2024;50;0;87
51;1024;01/01/2024;250;0;93
52;1000;02/01/2024;129;1;89
53;1001;02/01/2024;65;0;94
54;1002;02/01/2024;130;0;95
55;1003;02/01/2024;90;0;90
56;1004;02/01/2024;190;0;95
57;1005;02/01/2024;830;0;96
58;1006;02/01/2024;57;1;97
59;1007;02/01/2024;145;0;86
60;1008;02/01/2024;165;0;91
61;1009;02/01/2024;64;0;96
62;1010;02/01/2024;79;1;85
63;1011;02/01/2024;320;0;93
64;1012;02/01/2024;19;1;97
65;1013;02/01/2024;269;1;95
66;1014;02/01/2024;125;0;93
67;1015;02/01/2024;80;0;83
68;1016;02/01/2024;50;0;91
69;1017;02/01/2024;190;0;89
70;1018;02/01/2024;117;1;94
71;1019;02/01/2024;75;0;95
72;1020;02/01/2024;500;0;96
73;1021;02/01/2024;140;1;91
74;1022;02/01/2024;100;1;96
75;1023;02/01/2024;35;1;85
76;1024;02/01/2024;250;0;90
77;1000;03/01/2024;150;0;88
78;1001;03/01/2024;65;0;92
79;1002;03/01/2024;130;0;95
80;1003;03/01/2024;90;0;77
81;1004;03/01/2024;166;1;95
82;1005;03/01/2024;830;0;89
83;1006;03/01/2024;57;1;93
84;1007;03/01/2024;145;0;84
85;1008;03/01/2024;165;0;88
86;1009;03/01/2024;64;0;89
87;1010;03/01/2024;79;1;81
88;1011;03/01/2024;320;0;91
89;1012;03/01/2024;30;0;94
90;1013;03/01/2024;300;0;94
91;1014;03/01/2024;125;0;91
92;1015;03/01/2024;80;0;83
93;1016;03/01/2024;50;0;78
94;1017;03/01/2024;190;0;86
95;1018;03/01/2024;149;0;93
96;1019;03/01/2024;63;1;93
97;1020;03/01/2024;500;0;89
98;1021;03/01/2024;160;0;87
99;1022;03/01/2024;120;0;94
100;1023;03/01/2024;35;1;82
101;1024;03/01/2024;250;0;89
102;1000;04/01/2024;150;0;81
103;1001;04/01/2024;65;0;88
104;1002;04/01/2024;130;0;93
105;1003;04/01/2024;68;1;74
106;1004;04/01/2024;190;0;94
107;1005;04/01/2024;830;0;87
108;1006;04/01/2024;70;0;93
109;1007;04/01/2024;145;0;71
110;1008;04/01/2024;165;0;81
111;1009;04/01/2024;64;0;85
112;1010;04/01/2024;79;1;79
113;1011;04/01/2024;320;0;88
114;1012;04/01/2024;19;1;93
115;1013;04/01/2024;300;0;92
116;1014;04/01/2024;99;1;84
117;1015;04/01/2024;80;0;79
118;1016;04/01/2024;29;1;76
119;1017;04/01/2024;190;0;83
120;1018;04/01/2024;149;0;92
121;1019;04/01/2024;63;1;91
122;1020;04/01/2024;500;0;89
123;1021;04/01/2024;160;0;80
124;1022;04/01/2024;120;0;90
125;1023;04/01/2024;35;1;80
126;1024;04/01/2024;250;0;82
127;1000;05/01/2024;150;0;77
128;1001;05/01/2024;65;0;86
129;1002;05/01/2024;105;1;90
130;1003;05/01/2024;90;0;73
131;1004;05/01/2024;190;0;92
132;1005;05/01/2024;700;1;80
133;1006;05/01/2024;70;0;89
134;1007;05/01/2024;145;0;69
135;1008;05/01/2024;165;0;78
136;1009;05/01/2024;64;0;84
137;1010;05/01/2024;79;1;77
138;1011;05/01/2024;320;0;88
139;1012;05/01/2024;30;0;86
140;1013;05/01/2024;300;0;88
141;1014;05/01/2024;125;0;82
142;1015;05/01/2024;80;0;76
143;1016;05/01/2024;50;0;69
144;1017;05/01/2024;143;1;79
145;1018;05/01/2024;149;0;85
146;1019;05/01/2024;75;0;87
147;1020;05/01/2024;425;1;87
148;1021;05/01/2024;160;0;77
149;1022;05/01/2024;120;0;89
150;1023;05/01/2024;35;1;78
151;1024;05/01/2024;215;1;75
152;1000;06/01/2024;129;1;73
153;1001;06/01/2024;38;1;84
154;1002;06/01/2024;130;0;87
155;1003;06/01/2024;90;0;72
156;1004;06/01/2024;190;0;85
157;1005;06/01/2024;830;0;76
158;1006;06/01/2024;70;0;87
159;1007;06/01/2024;145;0;66
160;1008;06/01/2024;140;1;77
161;1009;06/01/2024;64;0;82
162;1010;06/01/2024;100;0;70
163;1011;06/01/2024;320;0;84
164;1012;06/01/2024;30;0;84
165;1013;06/01/2024;300;0;85
166;1014;06/01/2024;99;1;81
167;1015;06/01/2024;80;0;74
168;1016;06/01/2024;50;0;69
169;1017;06/01/2024;190;0;66
170;1018;06/01/2024;149;0;78
171;1019;06/01/2024;75;0;83
172;1020;06/01/2024;500;0;85
173;1021;06/01/2024;160;0;74
174;1022;06/01/2024;120;0;88
175;1023;06/01/2024;35;1;76
176;1024;06/01/2024;250;0;75
177;1000;07/01/2024;150;0;60
178;1001;07/01/2024;65;0;77
179;1002;07/01/2024;130;0;83
180;1003;07/01/2024;90;0;70
181;1004;07/01/2024;166;1;82
182;1005;07/01/2024;700;1;75
183;1006;07/01/2024;70;0;85
184;1007;07/01/2024;145;0;59
185;1008;07/01/2024;165;0;73
186;1009;07/01/2024;64;0;80
187;1010;07/01/2024;79;1;67
188;1011;07/01/2024;320;0;83
189;1012;07/01/2024;30;0;82
190;1013;07/01/2024;300;0;78
191;1014;07/01/2024;125;0;77
192;1015;07/01/2024;80;0;72
193;1016;07/01/2024;29;1;66
194;1017;07/01/2024;190;0;65
195;1018;07/01/2024;149;0;76
196;1019;07/01/2024;75;0;83
197;1020;07/01/2024;500;0;72
198;1021;07/01/2024;160;0;67
199;1022;07/01/2024;100;1;84
200;1023;07/01/2024;50;0;74
201;1024;07/01/2024;250;0;72
202;1000;08/01/2024;129;1;59
203;1001;08/01/2024;65;0;75
204;1002;08/01/2024;105;1;83
205;1003;08/01/2024;90;0;57
206;1004;08/01/2024;190;0;75
207;1005;08/01/2024;830;0;71
208;1006;08/01/2024;70;0;83
209;1007;08/01/2024;145;0;56
210;1008;08/01/2024;165;0;66
211;1009;08/01/2024;64;0;76
212;1010;08/01/2024;100;0;65
213;1011;08/01/2024;289;1;80
214;1012;08/01/2024;30;0;81
215;1013;08/01/2024;300;0;76
216;1014;08/01/2024;99;1;70
217;1015;08/01/2024;69;1;68
218;1016;08/01/2024;50;0;64
219;1017;08/01/2024;190;0;62
220;1018;08/01/2024;149;0;75
221;1019;08/01/2024;75;0;81
222;1020;08/01/2024;500;0;72
223;1021;08/01/2024;140;1;54
224;1022;08/01/2024;100;1;77
225;1023;08/01/2024;50;0;70
226;1024;08/01/2024;250;0;70
227;1000;09/01/2024;129;1;56
228;1001;09/01/2024;38;1;74
229;1002;09/01/2024;105;1;81
230;1003;09/01/2024;90;0;57
231;1004;09/01/2024;166;1;62
232;1005;09/01/2024;830;0;64
233;1006;09/01/2024;70;0;79
234;1007;09/01/2024;145;0;54
235;1008;09/01/2024;140;1;63
236;1009;09/01/2024;47;1;75
237;1010;09/01/2024;100;0;63
238;1011;09/01/2024;289;1;80
239;1012;09/01/2024;30;0;68
240;1013;09/01/2024;300;0;69
241;1014;09/01/2024;125;0;66
242;1015;09/01/2024;80;0;66
243;1016;09/01/2024;50;0;61
244;1017;09/01/2024;190;0;61
245;1018;09/01/2024;149;0;73
246;1019;09/01/2024;75;0;74
247;1020;09/01/2024;500;0;68
248;1021;09/01/2024;160;0;52
249;1022;09/01/2024;120;0;74
250;1023;09/01/2024;50;0;69
251;1024;09/01/2024;250;0;68
252;1000;10/01/2024;129;1;49
253;1001;10/01/2024;38;1;70
254;1002;10/01/2024;130;0;79
255;1003;10/01/2024;90;0;54
256;1004;10/01/2024;190;0;61
257;1005;10/01/2024;830;0;62
258;1006;10/01/2024;70;0;79
259;1007;10/01/2024;109;1;41
260;1008;10/01/2024;165;0;88
261;1009;10/01/2024;47;1;68
262;1010;10/01/2024;100;0;59
263;1011;10/01/2024;289;1;78
264;1012;10/01/2024;30;0;65
265;1013;10/01/2024;300;0;68
266;1014;10/01/2024;99;1;59
267;1015;10/01/2024;69;1;62
268;1016;10/01/2024;50;0;59
269;1017;10/01/2024;190;0;54
270;1018;10/01/2024;149;0;69
271;1019;10/01/2024;75;0;72
272;1020;10/01/2024;425;1;65
273;1021;10/01/2024;140;1;51
274;1022;10/01/2024;100;1;72
275;1023;10/01/2024;35;1;69
276;1024;10/01/2024;250;0;55
277;1000;11/01/2024;150;0;99
278;1001;11/01/2024;65;0;120
279;1002;11/01/2024;130;0;129
280;1003;11/01/2024;90;0;104
281;1004;11/01/2024;190;0;111
282;1005;11/01/2024;830;0;112
283;1006;11/01/2024;70;0;129
284;1007;11/01/2024;145;0;91
285;1008;11/01/2024;165;0;138
286;1009;11/01/2024;64;0;118
287;1010;11/01/2024;100;0;109
288;1011;11/01/2024;289;1;128
289;1012;11/01/2024;19;1;115
290;1013;11/01/2024;300;0;118
291;1014;11/01/2024;125;0;109
292;1015;11/01/2024;80;0;112
293;1016;11/01/2024;50;0;109
294;1017;11/01/2024;143;1;104
295;1018;11/01/2024;149;0;119
296;1019;11/01/2024;75;0;122
297;1020;11/01/2024;500;0;115
298;1021;11/01/2024;160;0;101
299;1022;11/01/2024;120;0;122
300;1023;11/01/2024;50;0;119
301;1024;11/01/2024;250;0;105
302;1000;12/01/2024;150;0;83
303;1001;12/01/2024;65;0;106
304;1002;12/01/2024;105;1;117
305;1003;12/01/2024;90;0;91
306;1004;12/01/2024;190;0;100
307;1005;12/01/2024;700;1;104
308;1006;12/01/2024;70;0;124
309;1007;12/01/2024;109;1;78
310;1008;12/01/2024;165;0;131
311;1009;12/01/2024;47;1;114
312;1010;12/01/2024;79;1;107
313;1011;12/01/2024;320;0;125
314;1012;12/01/2024;30;0;114
315;1013;12/01/2024;269;1;116
316;1014;12/01/2024;125;0;109
317;1015;12/01/2024;69;1;99
318;1016;12/01/2024;50;0;93
319;1017;12/01/2024;190;0;90
320;1018;12/01/2024;149;0;107
321;1019;12/01/2024;75;0;109
322;1020;12/01/2024;500;0;104
323;1021;12/01/2024;140;1;93
324;1022;12/01/2024;120;0;117
325;1023;12/01/2024;50;0;106
326;1024;12/01/2024;250;0;98
327;1000;13/01/2024;129;1;79
328;1001;13/01/2024;38;1;104
329;1002;13/01/2024;130;0;114
330;1003;13/01/2024;90;0;90
331;1004;13/01/2024;166;1;98
332;1005;13/01/2024;830;0;104
333;1006;13/01/2024;70;0;111
334;1007;13/01/2024;145;0;62
335;1008;13/01/2024;165;0;117
336;1009;13/01/2024;64;0;102
337;1010;13/01/2024;79;1;94
338;1011;13/01/2024;320;0;114
339;1012;13/01/2024;30;0;106
340;1013;13/01/2024;300;0;111
341;1014;13/01/2024;125;0;96
342;1015;13/01/2024;80;0;92
343;1016;13/01/2024;50;0;89
344;1017;13/01/2024;190;0;88
345;1018;13/01/2024;117;1;91
346;1019;13/01/2024;75;0;95
347;1020;13/01/2024;500;0;92
348;1021;13/01/2024;160;0;80
349;1022;13/01/2024;100;1;106
350;1023;13/01/2024;50;0;98
351;1024;13/01/2024;250;0;93
352;1000;14/01/2024;150;0;66
353;1001;14/01/2024;38;1;97
354;1002;14/01/2024;105;1;110
355;1003;14/01/2024;90;0;88
356;1004;14/01/2024;166;1;95
357;1005;14/01/2024;700;1;103
358;1006;14/01/2024;70;0;95
359;1007;14/01/2024;145;0;48
360;1008;14/01/2024;165;0;105
361;1009;14/01/2024;64;0;89
362;1010;14/01/2024;100;0;83
363;1011;14/01/2024;289;1;106
364;1012;14/01/2024;30;0;101
365;1013;14/01/2024;300;0;98
366;1014;14/01/2024;125;0;89
367;1015;14/01/2024;80;0;88
368;1016;14/01/2024;50;0;73
369;1017;14/01/2024;143;1;74
370;1018;14/01/2024;149;0;79
371;1019;14/01/2024;63;1;82
372;1020;14/01/2024;500;0;81
373;1021;14/01/2024;160;0;72
374;1022;14/01/2024;120;0;101
375;1023;14/01/2024;50;0;85
376;1024;14/01/2024;215;1;86
377;1000;15/01/2024;150;0;50
378;1001;15/01/2024;65;0;83
379;1002;15/01/2024;130;0;98
380;1003;15/01/2024;90;0;75
381;1004;15/01/2024;190;0;84
382;1005;15/01/2024;830;0;95
383;1006;15/01/2024;70;0;90
384;1007;15/01/2024;145;0;35
385;1008;15/01/2024;165;0;98
386;1009;15/01/2024;64;0;85
387;1010;15/01/2024;100;0;81
388;1011;15/01/2024;320;0;103
389;1012;15/01/2024;30;0;100
390;1013;15/01/2024;300;0;96
391;1014;15/01/2024;99;1;89
392;1015;15/01/2024;69;1;72
393;1016;15/01/2024;50;0;59
394;1017;15/01/2024;190;0;62
395;1018;15/01/2024;149;0;66
396;1019;15/01/2024;75;0;71
397;1020;15/01/2024;500;0;73
398;1021;15/01/2024;140;1;67
399;1022;15/01/2024;100;1;88
400;1023;15/01/2024;50;0;78
401;1024;15/01/2024;215;1;82
402;1000;16/01/2024;150;0;34
403;1001;16/01/2024;65;0;69
404;1002;16/01/2024;105;1;86
405;1003;16/01/2024;90;0;62
406;1004;16/01/2024;166;1;73
407;1005;16/01/2024;830;0;87
408;1006;16/01/2024;70;0;85
409;1007;16/01/2024;145;0;22
410;1008;16/01/2024;165;0;91
411;1009;16/01/2024;47;1;81
412;1010;16/01/2024;100;0;79
413;1011;16/01/2024;320;0;100
414;1012;16/01/2024;30;0;84
415;1013;16/01/2024;269;1;82
416;1014;16/01/2024;99;1;77
417;1015;16/01/2024;80;0;59
418;1016;16/01/2024;29;1;48
419;1017;16/01/2024;190;0;54
420;1018;16/01/2024;149;0;61
421;1019;16/01/2024;63;1;58
422;1020;16/01/2024;425;1;66
423;1021;16/01/2024;160;0;63
424;1022;16/01/2024;120;0;86
425;1023;16/01/2024;50;0;75
426;1024;16/01/2024;250;0;81
427;1000;17/01/2024;129;1;32
428;1001;17/01/2024;65;0;53
429;1002;17/01/2024;130;0;72
430;1003;17/01/2024;68;1;50
431;1004;17/01/2024;166;1;60
432;1005;17/01/2024;830;0;76
433;1006;17/01/2024;70;0;77
434;1007;17/01/2024;145;0;17
435;1008;17/01/2024;165;0;78
436;1009;17/01/2024;47;1;74
437;1010;17/01/2024;100;0;75
438;1011;17/01/2024;320;0;98
439;1012;17/01/2024;30;0;81
440;1013;17/01/2024;300;0;81
441;1014;17/01/2024;99;1;75
442;1015;17/01/2024;80;0;59
443;1016;17/01/2024;29;1;32
444;1017;17/01/2024;190;0;40
445;1018;17/01/2024;149;0;49
446;1019;17/01/2024;63;1;45
447;1020;17/01/2024;500;0;55
448;1021;17/01/2024;160;0;55
449;1022;17/01/2024;100;1;81
450;1023;17/01/2024;50;0;62
451;1024;17/01/2024;250;0;74
452;1000;18/01/2024;150;0;28
453;1001;18/01/2024;65;0;51
454;1002;18/01/2024;130;0;69
455;1003;18/01/2024;90;0;49
456;1004;18/01/2024;190;0;58
457;1005;18/01/2024;830;0;60
458;1006;18/01/2024;70;0;63
459;1007;18/01/2024;145;0;5
460;1008;18/01/2024;165;0;65
461;1009;18/01/2024;64;0;63
462;1010;18/01/2024;79;1;67
463;1011;18/01/2024;289;1;93
464;1012;18/01/2024;19;1;68
465;1013;18/01/2024;300;0;74
466;1014;18/01/2024;125;0;71
467;1015;18/01/2024;80;0;57
468;1016;18/01/2024;50;0;29
469;1017;18/01/2024;190;0;39
470;1018;18/01/2024;117;1;47
471;1019;18/01/2024;75;0;45
472;1020;18/01/2024;500;0;39
473;1021;18/01/2024;160;0;41
474;1022;18/01/2024;100;1;69
475;1023;18/01/2024;50;0;49
476;1024;18/01/2024;250;0;63
477;1000;19/01/2024;150;0;20
478;1001;19/01/2024;65;0;46
479;1002;19/01/2024;130;0;56
480;1003;19/01/2024;90;0;42
481;1004;19/01/2024;190;0;54
482;1005;19/01/2024;700;1;58
483;1006;19/01/2024;57;1;60
484;1007;19/01/2024;109;1;4
485;1008;19/01/2024;165;0;63
486;1009;19/01/2024;64;0;63
487;1010;19/01/2024;100;0;54
488;1011;19/01/2024;320;0;77
489;1012;19/01/2024;19;1;54
490;1013;19/01/2024;269;1;62
491;1014;19/01/2024;125;0;58
492;1015;19/01/2024;80;0;46
493;1016;19/01/2024;29;1;21
494;1017;19/01/2024;190;0;34
495;1018;19/01/2024;149;0;34
496;1019;19/01/2024;75;0;38
497;1020;19/01/2024;500;0;35
498;1021;19/01/2024;160;0;39
499;1022;19/01/2024;120;0;66
500;1023;19/01/2024;50;0;48
501;1024;19/01/2024;250;0;61
502;1000;20/01/2024;150;0;100
503;1001;20/01/2024;65;0;126
504;1002;20/01/2024;130;0;136
505;1003;20/01/2024;90;0;122
506;1004;20/01/2024;166;1;134
507;1005;20/01/2024;830;0;138
508;1006;20/01/2024;70;0;140
509;1007;20/01/2024;145;0;84
510;1008;20/01/2024;165;0;143
511;1009;20/01/2024;64;0;143
512;1010;20/01/2024;100;0;134
513;1011;20/01/2024;320;0;157
514;1012;20/01/2024;30;0;134
515;1013;20/01/2024;300;0;142
516;1014;20/01/2024;125;0;138
517;1015;20/01/2024;80;0;126
518;1016;20/01/2024;50;0;101
519;1017;20/01/2024;190;0;114
520;1018;20/01/2024;149;0;114
521;1019;20/01/2024;75;0;118
522;1020;20/01/2024;500;0;115
523;1021;20/01/2024;160;0;119
524;1022;20/01/2024;120;0;146
525;1023;20/01/2024;50;0;128
526;1024;20/01/2024;250;0;141
527;1000;21/01/2024;129;1;93
528;1001;21/01/2024;65;0;122
529;1002;21/01/2024;105;1;134
530;1003;21/01/2024;90;0;119
531;1004;21/01/2024;190;0;133
532;1005;21/01/2024;830;0;136
533;1006;21/01/2024;70;0;140
534;1007;21/01/2024;109;1;68
535;1008;21/01/2024;140;1;129
536;1009;21/01/2024;64;0;131
537;1010;21/01/2024;100;0;121
538;1011;21/01/2024;320;0;146
539;1012;21/01/2024;19;1;126
540;1013;21/01/2024;300;0;137
541;1014;21/01/2024;125;0;125
542;1015;21/01/2024;80;0;119
543;1016;21/01/2024;50;0;97
544;1017;21/01/2024;190;0;98
545;1018;21/01/2024;149;0;100
546;1019;21/01/2024;75;0;106
547;1020;21/01/2024;500;0;102
548;1021;21/01/2024;160;0;108
549;1022;21/01/2024;120;0;138
550;1023;21/01/2024;35;1;123
551;1024;21/01/2024;250;0;128
552;1000;22/01/2024;129;1;86
553;1001;22/01/2024;65;0;118
554;1002;22/01/2024;130;0;132
555;1003;22/01/2024;90;0;116
556;1004;22/01/2024;166;1;117
557;1005;22/01/2024;830;0;122
558;1006;22/01/2024;70;0;128
559;1007;22/01/2024;145;0;55
560;1008;22/01/2024;165;0;118
561;1009;22/01/2024;64;0;123
562;1010;22/01/2024;79;1;116
563;1011;22/01/2024;320;0;133
564;1012;22/01/2024;30;0;119
565;1013;22/01/2024;300;0;133
566;1014;22/01/2024;125;0;123
567;1015;22/01/2024;80;0;116
568;1016;22/01/2024;50;0;96
569;1017;22/01/2024;190;0;96
570;1018;22/01/2024;149;0;84
571;1019;22/01/2024;75;0;92
572;1020;22/01/2024;500;0;90
573;1021;22/01/2024;160;0;95
574;1022;22/01/2024;100;1;127
575;1023;22/01/2024;50;0;115
576;1024;22/01/2024;250;0;123
577;1000;23/01/2024;150;0;73
578;1001;23/01/2024;65;0;111
579;1002;23/01/2024;130;0;128
580;1003;23/01/2024;68;1;114
581;1004;23/01/2024;166;1;114
582;1005;23/01/2024;830;0;121
583;1006;23/01/2024;70;0;126
584;1007;23/01/2024;145;0;55
585;1008;23/01/2024;165;0;102
586;1009;23/01/2024;64;0;109
587;1010;23/01/2024;100;0;104
588;1011;23/01/2024;289;1;120
589;1012;23/01/2024;19;1;108
590;1013;23/01/2024;300;0;125
591;1014;23/01/2024;125;0;118
592;1015;23/01/2024;69;1;109
593;1016;23/01/2024;50;0;92
594;1017;23/01/2024;190;0;94
595;1018;23/01/2024;149;0;81
596;1019;23/01/2024;75;0;91
597;1020;23/01/2024;500;0;88
598;1021;23/01/2024;140;1;95
599;1022;23/01/2024;120;0;111
600;1023;23/01/2024;50;0;101
601;1024;23/01/2024;215;1;111
602;1000;24/01/2024;150;0;60
603;1001;24/01/2024;65;0;100
604;1002;24/01/2024;130;0;120
605;1003;24/01/2024;68;1;109
606;1004;24/01/2024;190;0;101
607;1005;24/01/2024;830;0;114
608;1006;24/01/2024;70;0;122
609;1007;24/01/2024;145;0;39
610;1008;24/01/2024;165;0;88
611;1009;24/01/2024;64;0;97
612;1010;24/01/2024;79;1;91
613;1011;24/01/2024;320;0;109
614;1012;24/01/2024;30;0;100
615;1013;24/01/2024;300;0;120
616;1014;24/01/2024;125;0;105
617;1015;24/01/2024;80;0;102
618;1016;24/01/2024;50;0;88
619;1017;24/01/2024;143;1;92
620;1018;24/01/2024;149;0;78
621;1019;24/01/2024;75;0;75
622;1020;24/01/2024;425;1;74
623;1021;24/01/2024;160;0;83
624;1022;24/01/2024;120;0;98
625;1023;24/01/2024;50;0;90
626;1024;24/01/2024;250;0;103
627;1000;25/01/2024;150;0;55
628;1001;25/01/2024;38;1;87
629;1002;25/01/2024;130;0;113
630;1003;25/01/2024;90;0;105
631;1004;25/01/2024;190;0;99
632;1005;25/01/2024;830;0;111
633;1006;25/01/2024;70;0;121
634;1007;25/01/2024;109;1;37
635;1008;25/01/2024;165;0;72
636;1009;25/01/2024;64;0;83
637;1010;25/01/2024;100;0;79
638;1011;25/01/2024;289;1;96
639;1012;25/01/2024;19;1;89
640;1013;25/01/2024;300;0;112
641;1014;25/01/2024;125;0;100
642;1015;25/01/2024;80;0;89
643;1016;25/01/2024;50;0;81
644;1017;25/01/2024;190;0;88
645;1018;25/01/2024;149;0;76
646;1019;25/01/2024;63;1;68
647;1020;25/01/2024;425;1;70
648;1021;25/01/2024;160;0;81
649;1022;25/01/2024;120;0;95
650;1023;25/01/2024;50;0;89
651;1024;25/01/2024;250;0;101
652;1000;26/01/2024;150;0;55
653;1001;26/01/2024;65;0;71
654;1002;26/01/2024;105;1;99
655;1003;26/01/2024;90;0;93
656;1004;26/01/2024;190;0;86
657;1005;26/01/2024;830;0;100
658;1006;26/01/2024;70;0;113
659;1007;26/01/2024;145;0;32
660;1008;26/01/2024;165;0;59
661;1009;26/01/2024;64;0;76
662;1010;26/01/2024;79;1;75
663;1011;26/01/2024;320;0;80
664;1012;26/01/2024;30;0;75
665;1013;26/01/2024;300;0;100
666;1014;26/01/2024;125;0;87
667;1015;26/01/2024;69;1;78
668;1016;26/01/2024;50;0;73
669;1017;26/01/2024;190;0;83
670;1018;26/01/2024;149;0;63
671;1019;26/01/2024;75;0;61
672;1020;26/01/2024;500;0;66
673;1021;26/01/2024;160;0;79
674;1022;26/01/2024;120;0;92
675;1023;26/01/2024;50;0;73
676;1024;26/01/2024;215;1;87
677;1000;27/01/2024;150;0;43
678;1001;27/01/2024;65;0;58
679;1002;27/01/2024;130;0;88
680;1003;27/01/2024;90;0;85
681;1004;27/01/2024;190;0;81
682;1005;27/01/2024;700;1;87
683;1006;27/01/2024;57;1;106
684;1007;27/01/2024;145;0;28
685;1008;27/01/2024;165;0;57
686;1009;27/01/2024;64;0;73
687;1010;27/01/2024;100;0;74
688;1011;27/01/2024;320;0;78
689;1012;27/01/2024;30;0;59
690;1013;27/01/2024;300;0;86
691;1014;27/01/2024;99;1;75
692;1015;27/01/2024;80;0;65
693;1016;27/01/2024;50;0;62
694;1017;27/01/2024;190;0;75
695;1018;27/01/2024;149;0;58
696;1019;27/01/2024;63;1;48
697;1020;27/01/2024;500;0;59
698;1021;27/01/2024;160;0;75
699;1022;27/01/2024;120;0;90
700;1023;27/01/2024;35;1;70
701;1024;27/01/2024;250;0;86
702;1000;28/01/2024;150;0;41
703;1001;28/01/2024;65;0;58
704;1002;28/01/2024;130;0;72
705;1003;28/01/2024;90;0;71
706;1004;28/01/2024;166;1;69
707;1005;28/01/2024;830;0;74
708;1006;28/01/2024;57;1;95
709;1007;28/01/2024;109;1;20
710;1008;28/01/2024;165;0;52
711;1009;28/01/2024;47;1;60
712;1010;28/01/2024;100;0;67
713;1011;28/01/2024;320;0;74
714;1012;28/01/2024;30;0;57
715;1013;28/01/2024;300;0;83
716;1014;28/01/2024;125;0;74
717;1015;28/01/2024;80;0;63
718;1016;28/01/2024;50;0;46
719;1017;28/01/2024;190;0;61
720;1018;28/01/2024;149;0;46
721;1019;28/01/2024;75;0;35
722;1020;28/01/2024;500;0;48
723;1021;28/01/2024;160;0;67
724;1022;28/01/2024;100;1;85
725;1023;28/01/2024;50;0;57
726;1024;28/01/2024;215;1;79
727;1000;29/01/2024;150;0;37
728;1001;29/01/2024;65;0;56
729;1002;29/01/2024;105;1;69
730;1003;29/01/2024;68;1;70
731;1004;29/01/2024;190;0;67
732;1005;29/01/2024;830;0;74
733;1006;29/01/2024;70;0;79
734;1007;29/01/2024;109;1;94
735;1008;29/01/2024;165;0;40
736;1009;29/01/2024;64;0;47
737;1010;29/01/2024;100;0;56
738;1011;29/01/2024;320;0;66
739;1012;29/01/2024;30;0;52
740;1013;29/01/2024;300;0;70
741;1014;29/01/2024;99;1;67
742;1015;29/01/2024;69;1;59
743;1016;29/01/2024;29;1;44
744;1017;29/01/2024;190;0;58
745;1018;29/01/2024;149;0;45
746;1019;29/01/2024;75;0;33
747;1020;29/01/2024;425;1;48
748;1021;29/01/2024;140;1;54
749;1022;29/01/2024;100;1;69
750;1023;29/01/2024;50;0;43
751;1024;29/01/2024;250;0;67
752;1000;30/01/2024;150;0;24
753;1001;30/01/2024;65;0;45
754;1002;30/01/2024;130;0;61
755;1003;30/01/2024;90;0;65
756;1004;30/01/2024;190;0;54
757;1005;30/01/2024;830;0;67
758;1006;30/01/2024;70;0;75
759;1007;30/01/2024;145;0;146
760;1008;30/01/2024;140;1;37
761;1009;30/01/2024;64;0;40
762;1010;30/01/2024;79;1;52
763;1011;30/01/2024;320;0;64
764;1012;30/01/2024;30;0;49
765;1013;30/01/2024;300;0;69
766;1014;30/01/2024;125;0;65
767;1015;30/01/2024;69;1;59
768;1016;30/01/2024;50;0;28
769;1017;30/01/2024;190;0;44
770;1018;30/01/2024;149;0;33
771;1019;30/01/2024;75;0;20
772;1020;30/01/2024;500;0;37
773;1021;30/01/2024;160;0;46
774;1022;30/01/2024;120;0;64
775;1023;30/01/2024;50;0;30
776;1024;30/01/2024;250;0;60
777;1000;31/01/2024;150;0;20
778;1001;31/01/2024;65;0;29
779;1002;31/01/2024;130;0;47
780;1003;31/01/2024;68;1;53
781;1004;31/01/2024;190;0;41
782;1005;31/01/2024;700;1;56
783;1006;31/01/2024;70;0;67
784;1007;31/01/2024;145;0;241
785;1008;31/01/2024;165;0;24
786;1009;31/01/2024;64;0;33
787;1010;31/01/2024;100;0;48
788;1011;31/01/2024;320;0;62
789;1012;31/01/2024;30;0;46
790;1013;31/01/2024;300;0;53
791;1014;31/01/2024;125;0;51
792;1015;31/01/2024;80;0;47
793;1016;31/01/2024;50;0;15
794;1017;31/01/2024;190;0;33
795;1018;31/01/2024;149;0;25
796;1019;31/01/2024;63;1;15
797;1020;31/01/2024;500;0;24
798;1021;31/01/2024;140;1;39
799;1022;31/01/2024;120;0;60
800;1023;31/01/2024;50;0;28
801;1024;31/01/2024;250;0;57
802;1000;01/02/2024;150;0;19
803;1001;01/02/2024;65;0;27
804;1002;01/02/2024;130;0;31
805;1003;01/02/2024;90;0;39
806;1004;01/02/2024;166;1;29
807;1005;01/02/2024;830;0;43
808;1006;01/02/2024;70;0;56
809;1007;01/02/2024;145;0;271
810;1008;01/02/2024;140;1;19
811;1009;01/02/2024;64;0;20
812;1010;01/02/2024;79;1;41
813;1011;01/02/2024;320;0;58
814;1012;01/02/2024;19;1;44
815;1013;01/02/2024;300;0;50
816;1014;01/02/2024;99;1;50
817;1015;01/02/2024;80;0;45
818;1016;01/02/2024;50;0;15
819;1017;01/02/2024;190;0;17
820;1018;01/02/2024;149;0;11
821;1019;01/02/2024;75;0;67
822;1020;01/02/2024;500;0;11
823;1021;01/02/2024;160;0;28
824;1022;01/02/2024;100;1;52
825;1023;01/02/2024;50;0;23
826;1024;01/02/2024;250;0;44
827;1000;02/02/2024;150;0;12
828;1001;02/02/2024;38;1;23
829;1002;02/02/2024;130;0;29
830;1003;02/02/2024;90;0;36
831;1004;02/02/2024;190;0;28
832;1005;02/02/2024;700;1;41
833;1006;02/02/2024;70;0;40
834;1007;02/02/2024;145;0;257
835;1008;02/02/2024;165;0;91
836;1009;02/02/2024;47;1;110
837;1010;02/02/2024;100;0;30
838;1011;02/02/2024;320;0;50
839;1012;02/02/2024;30;0;39
840;1013;02/02/2024;300;0;37
841;1014;02/02/2024;125;0;43
842;1015;02/02/2024;80;0;41
843;1016;02/02/2024;50;0;13
844;1017;02/02/2024;190;0;14
845;1018;02/02/2024;149;0;10
846;1019;02/02/2024;75;0;65
847;1020;02/02/2024;500;0;11
848;1021;02/02/2024;160;0;12
849;1022;02/02/2024;120;0;38
850;1023;02/02/2024;50;0;11
851;1024;02/02/2024;215;1;31
852;1000;03/02/2024;150;0;80
853;1001;03/02/2024;65;0;99
854;1002;03/02/2024;130;0;24
855;1003;03/02/2024;90;0;23
856;1004;03/02/2024;190;0;21
857;1005;03/02/2024;830;0;37
858;1006;03/02/2024;70;0;38
859;1007;03/02/2024;109;1;222
860;1008;03/02/2024;140;1;90
861;1009;03/02/2024;47;1;108
862;1010;03/02/2024;100;0;30
863;1011;03/02/2024;289;1;37
864;1012;03/02/2024;30;0;88
865;1013;03/02/2024;300;0;91
866;1014;03/02/2024;125;0;85
867;1015;03/02/2024;80;0;28
868;1016;03/02/2024;50;0;84
869;1017;03/02/2024;190;0;77
870;1018;03/02/2024;149;0;105
871;1019;03/02/2024;75;0;52
872;1020;03/02/2024;425;1;98
873;1021;03/02/2024;160;0;106
874;1022;03/02/2024;120;0;36
875;1023;03/02/2024;50;0;94
876;1024;03/02/2024;250;0;82
877;1000;04/02/2024;129;1;190
878;1001;04/02/2024;65;0;92
879;1002;04/02/2024;130;0;20
880;1003;04/02/2024;90;0;21
881;1004;04/02/2024;190;0;18
882;1005;04/02/2024;830;0;36
883;1006;04/02/2024;70;0;36
884;1007;04/02/2024;109;1;206
885;1008;04/02/2024;165;0;76
886;1009;04/02/2024;64;0;96
887;1010;04/02/2024;100;0;17
888;1011;04/02/2024;320;0;26
889;1012;04/02/2024;30;0;80
890;1013;04/02/2024;300;0;86
891;1014;04/02/2024;125;0;72
892;1015;04/02/2024;80;0;21
893;1016;04/02/2024;50;0;80
894;1017;04/02/2024;190;0;75
895;1018;04/02/2024;149;0;102
896;1019;04/02/2024;63;1;51
897;1020;04/02/2024;500;0;96
898;1021;04/02/2024;160;0;106
899;1022;04/02/2024;120;0;20
900;1023;04/02/2024;50;0;168
901;1024;04/02/2024;250;0;70
902;1000;05/02/2024;150;0;177
903;1001;05/02/2024;65;0;81
904;1002;05/02/2024;130;0;12
905;1003;05/02/2024;90;0;16
906;1004;05/02/2024;166;1;5
907;1005;05/02/2024;830;0;29
908;1006;05/02/2024;57;1;32
909;1007;05/02/2024;145;0;204
910;1008;05/02/2024;140;1;73
911;1009;05/02/2024;64;0;95
912;1010;05/02/2024;100;0;15
913;1011;05/02/2024;320;0;26
914;1012;05/02/2024;30;0;67
915;1013;05/02/2024;300;0;70
916;1014;05/02/2024;125;0;58
917;1015;05/02/2024;80;0;9
918;1016;05/02/2024;29;1;67
919;1017;05/02/2024;190;0;64
920;1018;05/02/2024;117;1;94
921;1019;05/02/2024;75;0;46
922;1020;05/02/2024;425;1;83
923;1021;05/02/2024;160;0;99
924;1022;05/02/2024;120;0;16
925;1023;05/02/2024;50;0;220
926;1024;05/02/2024;215;1;67
927;1000;06/02/2024;150;0;170
928;1001;06/02/2024;65;0;77
929;1002;06/02/2024;105;1;10
930;1003;06/02/2024;90;0;13
931;1004;06/02/2024;190;0;4
932;1005;06/02/2024;830;0;27
933;1006;06/02/2024;70;0;32
934;1007;06/02/2024;109;1;188
935;1008;06/02/2024;165;0;59
936;1009;06/02/2024;64;0;83
937;1010;06/02/2024;100;0;2
938;1011;06/02/2024;320;0;15
939;1012;06/02/2024;19;1;59
940;1013;06/02/2024;300;0;65
941;1014;06/02/2024;125;0;45
942;1015;06/02/2024;69;1;2
943;1016;06/02/2024;50;0;63
944;1017;06/02/2024;190;0;48
945;1018;06/02/2024;149;0;80
946;1019;06/02/2024;75;0;34
947;1020;06/02/2024;500;0;70
948;1021;06/02/2024;160;0;88
949;1022;06/02/2024;120;0;8
950;1023;06/02/2024;50;0;315
951;1024;06/02/2024;250;0;54
952;1000;07/02/2024;150;0;163
953;1001;07/02/2024;65;0;73
954;1002;07/02/2024;130;0;8
955;1003;07/02/2024;90;0;10
956;1004;07/02/2024;190;0;90
957;1005;07/02/2024;700;1;13
958;1006;07/02/2024;70;0;20
959;1007;07/02/2024;145;0;175
960;1008;07/02/2024;165;0;48
961;1009;07/02/2024;64;0;75
962;1010;07/02/2024;100;0;97
963;1011;07/02/2024;289;1;88
964;1012;07/02/2024;30;0;52
965;1013;07/02/2024;269;1;61
966;1014;07/02/2024;125;0;43
967;1015;07/02/2024;80;0;95
968;1016;07/02/2024;50;0;62
969;1017;07/02/2024;143;1;46
970;1018;07/02/2024;117;1;64
971;1019;07/02/2024;75;0;20
972;1020;07/02/2024;500;0;58
973;1021;07/02/2024;140;1;75
974;1022;07/02/2024;120;0;89
975;1023;07/02/2024;50;0;285
976;1024;07/02/2024;250;0;49
977;1000;08/02/2024;129;1;150
978;1001;08/02/2024;65;0;66
979;1002;08/02/2024;130;0;82
980;1003;08/02/2024;90;0;92
981;1004;08/02/2024;190;0;87
982;1005;08/02/2024;700;1;12
983;1006;08/02/2024;57;1;18
984;1007;08/02/2024;109;1;175
985;1008;08/02/2024;165;0;32
986;1009;08/02/2024;47;1;61
987;1010;08/02/2024;79;1;149
988;1011;08/02/2024;320;0;75
989;1012;08/02/2024;30;0;41
990;1013;08/02/2024;300;0;53
991;1014;08/02/2024;125;0;38
992;1015;08/02/2024;69;1;82
993;1016;08/02/2024;50;0;55
994;1017;08/02/2024;143;1;42
995;1018;08/02/2024;117;1;62
996;1019;08/02/2024;75;0;17
997;1020;08/02/2024;425;1;57
998;1021;08/02/2024;160;0;73
999;1022;08/02/2024;120;0;73
1000;1023;08/02/2024;50;0;271
1001;1024;08/02/2024;250;0;121
;1000;09/02/2024;150;0;240
;1001;09/02/2024;65;0;55
;1002;09/02/2024;130;0;74
;1003;09/02/2024;90;0;87
;1004;09/02/2024;166;1;74
;1005;09/02/2024;700;1;89
;1006;09/02/2024;70;0;14
;1007;09/02/2024;145;0;173
;1008;09/02/2024;165;0;29
;1009;09/02/2024;64;0;60
;1010;09/02/2024;79;1;147
;1011;09/02/2024;320;0;75
;1012;09/02/2024;19;1;25
;1013;09/02/2024;269;1;39
;1014;09/02/2024;125;0;26
;1015;09/02/2024;69;1;69
;1016;09/02/2024;50;0;123
;1017;09/02/2024;190;0;118
;1018;09/02/2024;149;0;57
;1019;09/02/2024;75;0;90
;1020;09/02/2024;500;0;50
;1021;09/02/2024;160;0;69
;1022;09/02/2024;120;0;71
;1023;09/02/2024;50;0;370
;1024;09/02/2024;215;1;120
;1000;10/02/2024;129;1;238
;1001;10/02/2024;65;0;55
;1002;10/02/2024;130;0;61
;1003;10/02/2024;90;0;136
;1004;10/02/2024;190;0;128
;1005;10/02/2024;700;1;131
;1006;10/02/2024;70;0;101
;1007;10/02/2024;109;1;244
;1008;10/02/2024;140;1;92
;1009;10/02/2024;47;1;155
;1010;10/02/2024;100;0;134
;1011;10/02/2024;289;1;162
;1012;10/02/2024;19;1;119
;1013;10/02/2024;300;0;37
;1014;10/02/2024;125;0;109
;1015;10/02/2024;80;0;120
;1016;10/02/2024;50;0;233
;1017;10/02/2024;143;1;102
;1018;10/02/2024;149;0;43
;1019;10/02/2024;63;1;142
;1020;10/02/2024;425;1;37
;1021;10/02/2024;160;0;58
;1022;10/02/2024;100;1;63
;1023;10/02/2024;50;0;365
;1024;10/02/2024;250;0;107
;1000;11/02/2024;150;0;222
;1001;11/02/2024;65;0;41
;1002;11/02/2024;130;0;49
;1003;11/02/2024;90;0;123
;1004;11/02/2024;190;0;117
;1005;11/02/2024;830;0;123
;1006;11/02/2024;57;1;96
;1007;11/02/2024;109;1;231
;1008;11/02/2024;165;0;85
;1009;11/02/2024;64;0;151
;1010;11/02/2024;100;0;118
;1011;11/02/2024;320;0;148
;1012;11/02/2024;19;1;107
;1013;11/02/2024;300;0;24
;1014;11/02/2024;99;1;93
;1015;11/02/2024;69;1;106
;1016;11/02/2024;50;0;221
;1017;11/02/2024;143;1;89
;1018;11/02/2024;149;0;32
;1019;11/02/2024;75;0;134
;1020;11/02/2024;500;0;32
;1021;11/02/2024;160;0;45
;1022;11/02/2024;120;0;56
;1023;11/02/2024;50;0;349
;1024;11/02/2024;250;0;93
;1000;12/02/2024;150;0;210
;1001;12/02/2024;65;0;28
;1002;12/02/2024;105;1;38
;1003;12/02/2024;68;1;115
;1004;12/02/2024;190;0;112
;1005;12/02/2024;830;0;110
;1006;12/02/2024;70;0;89
;1007;12/02/2024;145;0;227
;1008;12/02/2024;140;1;69
;1009;12/02/2024;64;0;137
;1010;12/02/2024;79;1;106
;1011;12/02/2024;289;1;135
;1012;12/02/2024;30;0;96
;1013;12/02/2024;269;1;16
;1014;12/02/2024;125;0;77
;1015;12/02/2024;80;0;92
;1016;12/02/2024;50;0;209
;1017;12/02/2024;190;0;76
;1018;12/02/2024;149;0;21
;1019;12/02/2024;63;1;126
;1020;12/02/2024;425;1;27
;1021;12/02/2024;160;0;32
;1022;12/02/2024;120;0;49
;1023;12/02/2024;50;0;345
;1024;12/02/2024;250;0;77
;1000;13/02/2024;129;1;196
;1001;13/02/2024;65;0;16
;1002;13/02/2024;105;1;25
;1003;13/02/2024;68;1;104
;1004;13/02/2024;190;0;104
;1005;13/02/2024;830;0;105
;1006;13/02/2024;70;0;76
;1007;13/02/2024;145;0;220
;1008;13/02/2024;165;0;65
;1009;13/02/2024;64;0;121
;1010;13/02/2024;79;1;92
;1011;13/02/2024;289;1;123
;1012;13/02/2024;30;0;83
;1013;13/02/2024;300;0;5
;1014;13/02/2024;125;0;69
;1015;13/02/2024;80;0;87
;1016;13/02/2024;29;1;196
;1017;13/02/2024;190;0;69
;1018;13/02/2024;117;1;17
;1019;13/02/2024;63;1;110
;1020;13/02/2024;500;0;13
;1021;13/02/2024;140;1;20
;1022;13/02/2024;120;0;36
;1023;13/02/2024;50;0;334
;1024;13/02/2024;250;0;69
;1000;14/02/2024;150;0;191
;1001;14/02/2024;65;0;3
;1002;14/02/2024;130;0;18
;1003;14/02/2024;90;0;100
;1004;14/02/2024;190;0;102
;1005;14/02/2024;830;0;102
;1006;14/02/2024;57;1;60
;1007;14/02/2024;109;1;206
;1008;14/02/2024;165;0;53
;1009;14/02/2024;64;0;108
;1010;14/02/2024;100;0;81
;1011;14/02/2024;320;0;115
;1012;14/02/2024;19;1;78
;1013;14/02/2024;300;0;88
;1014;14/02/2024;99;1;62
;1015;14/02/2024;69;1;83
;1016;14/02/2024;50;0;180
;1017;14/02/2024;143;1;55
;1018;14/02/2024;149;0;109
;1019;14/02/2024;75;0;97
;1020;14/02/2024;500;0;92
;1021;14/02/2024;160;0;12
;1022;14/02/2024;120;0;31
;1023;14/02/2024;50;0;321
;1024;14/02/2024;250;0;62
;1000;15/02/2024;150;0;187
;1001;15/02/2024;65;0;98
;1002;15/02/2024;105;1;101
;1003;15/02/2024;68;1;93
;1004;15/02/2024;190;0;98
;1005;15/02/2024;830;0;100
;1006;15/02/2024;70;0;57
;1007;15/02/2024;145;0;205
;1008;15/02/2024;140;1;51
;1009;15/02/2024;64;0;108
;1010;15/02/2024;79;1;68
;1011;15/02/2024;289;1;108
;1012;15/02/2024;30;0;74
;1013;15/02/2024;269;1;86
;1014;15/02/2024;125;0;59
;1015;15/02/2024;80;0;82
;1016;15/02/2024;50;0;178
;1017;15/02/2024;190;0;55
;1018;15/02/2024;117;1;96
;1019;15/02/2024;63;1;90
;1020;15/02/2024;500;0;88
;1021;15/02/2024;160;0;10
;1022;15/02/2024;100;1;28
;1023;15/02/2024;50;0;246
;1024;15/02/2024;215;1;58
;1000;16/02/2024;129;1;185
;1001;16/02/2024;38;1;95
;1002;16/02/2024;130;0;100
;1003;16/02/2024;68;1;91
;1004;16/02/2024;166;1;98
;1005;16/02/2024;830;0;87
;1006;16/02/2024;70;0;53
;1007;16/02/2024;145;0;203
;1008;16/02/2024;165;0;48
;1009;16/02/2024;47;1;101
;1010;16/02/2024;100;0;64
;1011;16/02/2024;289;1;106
;1012;16/02/2024;19;1;67
;1013;16/02/2024;300;0;82
;1014;16/02/2024;99;1;57
;1015;16/02/2024;80;0;79
;1016;16/02/2024;50;0;171
;1017;16/02/2024;190;0;51
;1018;16/02/2024;149;0;191
;1019;16/02/2024;75;0;173
;1020;16/02/2024;500;0;81
;1021;16/02/2024;160;0;104
;1022;16/02/2024;120;0;26
;1023;16/02/2024;35;1;243
;1024;16/02/2024;215;1;57
;1000;17/02/2024;150;0;183
;1001;17/02/2024;65;0;95
;1002;17/02/2024;130;0;87
;1003;17/02/2024;90;0;84
;1004;17/02/2024;166;1;94
;1005;17/02/2024;830;0;85
;1006;17/02/2024;57;1;50
;1007;17/02/2024;109;1;202
;1008;17/02/2024;165;0;46
;1009;17/02/2024;47;1;101
;1010;17/02/2024;100;0;51
;1011;17/02/2024;320;0;99
;1012;17/02/2024;30;0;63
;1013;17/02/2024;300;0;80
;1014;17/02/2024;125;0;50
;1015;17/02/2024;69;1;75
;1016;17/02/2024;29;1;266
;1017;17/02/2024;143;1;134
;1018;17/02/2024;149;0;184
;1019;17/02/2024;63;1;267
;1020;17/02/2024;425;1;79
;1021;17/02/2024;160;0;101
;1022;17/02/2024;120;0;25
;1023;17/02/2024;50;0;241
;1024;17/02/2024;250;0;57
;1000;18/02/2024;129;1;170
;1001;18/02/2024;65;0;88
;1002;18/02/2024;105;1;83
;1003;18/02/2024;68;1;82
;1004;18/02/2024;190;0;91
;1005;18/02/2024;700;1;84
;1006;18/02/2024;70;0;48
;1007;18/02/2024;145;0;202
;1008;18/02/2024;165;0;33
;1009;18/02/2024;47;1;94
;1010;18/02/2024;79;1;47
;1011;18/02/2024;289;1;92
;1012;18/02/2024;30;0;59
;1013;18/02/2024;269;1;175
;1014;18/02/2024;99;1;133
;1015;18/02/2024;80;0;68
;1016;18/02/2024;50;0;360
;1017;18/02/2024;190;0;132
;1018;18/02/2024;149;0;181
;1019;18/02/2024;63;1;266
;1020;18/02/2024;500;0;77
;1021;18/02/2024;140;1;101
;1022;18/02/2024;100;1;12
;1023;18/02/2024;50;0;234
;1024;18/02/2024;215;1;53
;1000;19/02/2024;150;0;168
;1001;19/02/2024;65;0;85
;1002;19/02/2024;130;0;82
;1003;19/02/2024;90;0;80
;1004;19/02/2024;190;0;91
;1005;19/02/2024;830;0;71
;1006;19/02/2024;57;1;41
;1007;19/02/2024;109;1;198
;1008;19/02/2024;140;1;26
;1009;19/02/2024;64;0;90
;1010;19/02/2024;79;1;142
;1011;19/02/2024;289;1;175
;1012;19/02/2024;30;0;52
;1013;19/02/2024;300;0;269
;1014;19/02/2024;125;0;131
;1015;19/02/2024;80;0;65
;1016;19/02/2024;29;1;359
;1017;19/02/2024;190;0;130
;1018;19/02/2024;117;1;181
;1019;19/02/2024;63;1;253
;1020;19/02/2024;500;0;70
;1021;19/02/2024;140;1;97
;1022;19/02/2024;120;0;10
;1023;19/02/2024;35;1;231
;1024;19/02/2024;215;1;52
;1000;20/02/2024;129;1;166
;1001;20/02/2024;65;0;85
;1002;20/02/2024;105;1;69
;1003;20/02/2024;68;1;73
;1004;20/02/2024;190;0;87
;1005;20/02/2024;830;0;69
;1006;20/02/2024;70;0;34
;1007;20/02/2024;145;0;194
;1008;20/02/2024;140;1;121
;1009;20/02/2024;64;0;173
;1010;20/02/2024;79;1;135
;1011;20/02/2024;289;1;269
;1012;20/02/2024;30;0;50
;1013;20/02/2024;269;1;266
;1014;20/02/2024;125;0;130
;1015;20/02/2024;80;0;63
;1016;20/02/2024;50;0;359
;1017;20/02/2024;190;0;117
;1018;20/02/2024;149;0;174
;1019;20/02/2024;63;1;249
;1020;20/02/2024;425;1;68
;1021;20/02/2024;140;1;94
;1022;20/02/2024;120;0;9
;1023;20/02/2024;35;1;229
;1024;20/02/2024;215;1;52
;1000;21/02/2024;150;0;153
;1001;21/02/2024;65;0;78
;1002;21/02/2024;130;0;65
;1003;21/02/2024;90;0;71
;1004;21/02/2024;166;1;80
;1005;21/02/2024;830;0;65
;1006;21/02/2024;57;1;129
;1007;21/02/2024;109;1;277
;1008;21/02/2024;165;0;114
;1009;21/02/2024;47;1;139
;1010;21/02/2024;100;0;133
;1011;21/02/2024;320;0;266
;1012;21/02/2024;30;0;49
;1013;21/02/2024;300;0;264
;1014;21/02/2024;125;0;130
;1015;21/02/2024;69;1;50
;1016;21/02/2024;50;0;352
;1017;21/02/2024;190;0;113
;1018;21/02/2024;149;0;172
;1019;21/02/2024;75;0;246
;1020;21/02/2024;425;1;67
;1021;21/02/2024;160;0;92
;1022;21/02/2024;100;1;89
;1023;21/02/2024;35;1;216
;1024;21/02/2024;250;0;45
;1000;22/02/2024;129;1;149
;1001;22/02/2024;65;0;76
;1002;22/02/2024;130;0;58
;1003;22/02/2024;90;0;67
;1004;22/02/2024;190;0;78
;1005;22/02/2024;830;0;62
;1006;22/02/2024;70;0;128
;1007;22/02/2024;145;0;275
;1008;22/02/2024;165;0;114
;1009;22/02/2024;47;1;126
;1010;22/02/2024;79;1;126
;1011;22/02/2024;320;0;262
;1012;22/02/2024;30;0;47
;1013;22/02/2024;300;0;257
;1014;22/02/2024;125;0;126
;1015;22/02/2024;69;1;145
;1016;22/02/2024;50;0;435
;1017;22/02/2024;143;1;106
;1018;22/02/2024;117;1;266
;1019;22/02/2024;75;0;244
;1020;22/02/2024;425;1;64
;1021;22/02/2024;160;0;91
;1022;22/02/2024;120;0;87
;1023;22/02/2024;50;0;209
;1024;22/02/2024;250;0;41
;1000;23/02/2024;150;0;147
;1001;23/02/2024;38;1;69
;1002;23/02/2024;105;1;54
;1003;23/02/2024;68;1;162
;1004;23/02/2024;190;0;161
;1005;23/02/2024;700;1;55
;1006;23/02/2024;57;1;94
;1007;23/02/2024;145;0;273
;1008;23/02/2024;165;0;111
;1009;23/02/2024;64;0;125
;1010;23/02/2024;100;0;124
;1011;23/02/2024;289;1;262
;1012;23/02/2024;30;0;34
;1013;23/02/2024;269;1;250
;1014;23/02/2024;99;1;122
;1015;23/02/2024;80;0;143
;1016;23/02/2024;29;1;432
;1017;23/02/2024;190;0;105
;1018;23/02/2024;149;0;264
;1019;23/02/2024;75;0;237
;1020;23/02/2024;500;0;60
;1021;23/02/2024;160;0;89
;1022;23/02/2024;100;1;80
;1023;23/02/2024;35;1;205
;1024;23/02/2024;215;1;136
;1000;24/02/2024;150;0;230
;1001;24/02/2024;38;1;62
;1002;24/02/2024;105;1;20
;1003;24/02/2024;90;0;160
;1004;24/02/2024;190;0;158
;1005;24/02/2024;830;0;54
;1006;24/02/2024;70;0;92
;1007;24/02/2024;109;1;273
;1008;24/02/2024;165;0;98
;1009;24/02/2024;47;1;118
;1010;24/02/2024;79;1;120
;1011;24/02/2024;320;0;260
;1012;24/02/2024;19;1;27
;1013;24/02/2024;300;0;246
;1014;24/02/2024;125;0;120
;1015;24/02/2024;69;1;136
;1016;24/02/2024;29;1;428
;1017;24/02/2024;143;1;200
;1018;24/02/2024;149;0;347
;1019;24/02/2024;63;1;230
;1020;24/02/2024;425;1;26
;1021;24/02/2024;160;0;87
;1022;24/02/2024;120;0;77
;1023;24/02/2024;50;0;204
;1024;24/02/2024;250;0;134
;1000;25/02/2024;129;1;230
;1001;25/02/2024;65;0;49
;1002;25/02/2024;105;1;13
;1003;25/02/2024;68;1;156
;1004;25/02/2024;190;0;156
;1005;25/02/2024;700;1;51
;1006;25/02/2024;70;0;91
;1007;25/02/2024;145;0;271
;1008;25/02/2024;165;0;91
;1009;25/02/2024;64;0;114
;1010;25/02/2024;79;1;118
;1011;25/02/2024;289;1;253
;1012;25/02/2024;19;1;23
;1013;25/02/2024;300;0;341
;1014;25/02/2024;99;1;203
;1015;25/02/2024;69;1;129
;1016;25/02/2024;50;0;394
;1017;25/02/2024;190;0;198
;1018;25/02/2024;149;0;344
;1019;25/02/2024;75;0;229
;1020;25/02/2024;425;1;24
;1021;25/02/2024;160;0;87
;1022;25/02/2024;100;1;64
;1023;25/02/2024;35;1;197
;1024;25/02/2024;250;0;130
;1000;26/02/2024;129;1;228
;1001;26/02/2024;38;1;46
;1002;26/02/2024;105;1;12
;1003;26/02/2024;90;0;154
;1004;26/02/2024;166;1;149
;1005;26/02/2024;700;1;47
;1006;26/02/2024;70;0;89
;1007;26/02/2024;145;0;264
;1008;26/02/2024;165;0;87
;1009;26/02/2024;64;0;209
;1010;26/02/2024;79;1;201
;1011;26/02/2024;320;0;246
;1012;26/02/2024;19;1;107
;1013;26/02/2024;269;1;313
;1014;26/02/2024;125;0;200
;1015;26/02/2024;69;1;128
;1016;26/02/2024;50;0;346
;1017;26/02/2024;190;0;198
;1018;26/02/2024;149;0;331
;1019;26/02/2024;75;0;222
;1020;26/02/2024;500;0;20
;1021;26/02/2024;160;0;85
;1022;26/02/2024;120;0;61
;1023;26/02/2024;50;0;196
;1024;26/02/2024;250;0;128
;1000;27/02/2024;129;1;221
;1001;27/02/2024;65;0;130
;1002;27/02/2024;105;1;90
;1003;27/02/2024;68;1;151
;1004;27/02/2024;190;0;148
;1005;27/02/2024;700;1;115
;1006;27/02/2024;70;0;89
;1007;27/02/2024;145;0;251
;1008;27/02/2024;165;0;80
;1009;27/02/2024;64;0;205
;1010;27/02/2024;100;0;199
;1011;27/02/2024;320;0;243
;1012;27/02/2024;30;0;106
;1013;27/02/2024;300;0;306
;1014;27/02/2024;99;1;196
;1015;27/02/2024;69;1;126
;1016;27/02/2024;50;0;339
;1017;27/02/2024;190;0;194
;1018;27/02/2024;149;0;426
;1019;27/02/2024;75;0;305
;1020;27/02/2024;425;1;13
;1021;27/02/2024;160;0;51
;1022;27/02/2024;100;1;59
;1023;27/02/2024;35;1;193
;1024;27/02/2024;250;0;127
;1000;28/02/2024;129;1;219
;1001;28/02/2024;65;0;130
;1002;28/02/2024;130;0;77
;1003;28/02/2024;90;0;144
;1004;28/02/2024;190;0;144
;1005;28/02/2024;830;0;113
;1006;28/02/2024;70;0;82
;1007;28/02/2024;145;0;247
;1008;28/02/2024;165;0;175
;1009;28/02/2024;47;1;288
;1010;28/02/2024;79;1;192
;1011;28/02/2024;320;0;209
;1012;28/02/2024;30;0;104
;1013;28/02/2024;300;0;303
;1014;28/02/2024;125;0;195
;1015;28/02/2024;69;1;124
;1016;28/02/2024;50;0;339
;1017;28/02/2024;143;1;181
;1018;28/02/2024;117;1;419
;1019;28/02/2024;75;0;301
;1020;28/02/2024;425;1;11
;1021;28/02/2024;160;0;44
;1022;28/02/2024;120;0;55
;1023;28/02/2024;50;0;288
;1024;28/02/2024;250;0;210
;1000;29/02/2024;150;0;212
;1001;29/02/2024;65;0;96
;1002;29/02/2024;130;0;75
;1003;29/02/2024;90;0;141
;1004;29/02/2024;166;1;143
;1005;29/02/2024;700;1;111
;1006;29/02/2024;70;0;82
;1007;29/02/2024;145;0;234
;1008;29/02/2024;165;0;168
;1009;29/02/2024;64;0;284
;1010;29/02/2024;79;1;190
;1011;29/02/2024;320;0;202
;1012;29/02/2024;19;1;100
;1013;29/02/2024;269;1;398
;1014;29/02/2024;125;0;278
;1015;29/02/2024;69;1;117
;1016;29/02/2024;50;0;305
;1017;29/02/2024;190;0;179
;1018;29/02/2024;149;0;416
;1019;29/02/2024;75;0;300
;1020;29/02/2024;500;0;9
;1021;29/02/2024;160;0;44
;1022;29/02/2024;120;0;42
;1023;29/02/2024;35;1;281
;1024;29/02/2024;250;0;206
;1000;01/03/2024;129;1;210
;1001;01/03/2024;38;1;89
;1002;01/03/2024;130;0;71
;1003;01/03/2024;90;0;236
;1004;01/03/2024;190;0;226
;1005;01/03/2024;830;0;104
;1006;01/03/2024;57;1;48
;1007;01/03/2024;145;0;232
;1008;01/03/2024;140;1;165
;1009;01/03/2024;47;1;283
;1010;01/03/2024;100;0;188
;1011;01/03/2024;289;1;202
;1012;01/03/2024;30;0;87
;1013;01/03/2024;300;0;391
;1014;01/03/2024;125;0;274
;1015;01/03/2024;80;0;115
;1016;01/03/2024;50;0;235
;1017;01/03/2024;190;0;175
;1018;01/03/2024;149;0;511
;1019;01/03/2024;75;0;383
;1020;01/03/2024;425;1;2
;1021;01/03/2024;140;1;10
;1022;01/03/2024;120;0;40
;1023;01/03/2024;50;0;278
;1024;01/03/2024;250;0;205
;;;;;
;;;;;
;;;;;
;;;;;
;;;;;
;;;;;
;;;;;
;;;;;
;;;;;
;;;;;
;;;;;
;;;;;
;;;;;
;;;;;
